{"human_time_task_1_17": [43.565483476132194, 45.75030599755202, 47.93512851897185, 50.119951040391676, 52.30477356181151, 54.48959608323133, 56.674418604651166, 58.85924112607099, 61.04406364749082, 63.22888616891064, 65.41370869033048, 67.5985312117503, 69.78335373317013, 71.96817625458996, 74.1529987760098, 76.33782129742963, 78.52264381884945], "fatigue_task_1_17": [0.1666592474107175, 0.17251195112131226, 0.17808557991191287, 0.18339344093333723, 0.18844820681051014, 0.1932619458986099, 0.19784615109650902, 0.20221176728630158, 0.20636921746442916, 0.21032842762679432, 0.21409885046727578, 0.21768948794622478, 0.22110891278282668, 0.22436528892264024, 0.22746639102918187, 0.23041962304609126, 0.2332320358741954], "human_time_task_18_21": [48.70718526561129, 57.20828786311938, 65.8210841726231, 74.4821652687016], "fatigue_task_18_21": [0.15856112496897973, 0.1759645724084855, 0.19095978228530805, 0.2037643252109935], "human_time_task_22_25": [48.70718526561129, 57.20828786311938, 65.8210841726231, 74.4821652687016], "fatigue_task_22_25": [0.15856112496897973, 0.1759645724084855, 0.19095978228530805, 0.2037643252109935], "human_time_task_26_41": [33.35597318174001, 35.0584539287408, 36.76311643141097, 38.46932201200007, 40.17665879794296, 41.884849362912284, 43.593700058542716, 45.30307163558322, 47.01286140889209, 48.722992002978444, 50.43340401111002, 52.14405106806577, 53.85489645919451, 55.565910734762014, 57.277069998384945, 58.98835465740716], "fatigue_task_26_41": [0.06103092523612595, 0.06398312193648244, 0.06687956871019723, 0.06972018713386187, 0.07250533461612382, 0.0752356173748017, 0.07791178805111329, 0.08053468653927401, 0.0831052042445847, 0.08562426169291062, 0.08809279407680534, 0.09051174169308296, 0.09288204349070756, 0.09520463265102211, 0.09748043352803484, 0.09971035951820686], "human_time_task_42_57": [33.35597318174001, 35.0584539287408, 36.76311643141097, 38.46932201200007, 40.17665879794296, 41.884849362912284, 43.593700058542716, 45.30307163558322, 47.01286140889209, 48.722992002978444, 50.43340401111002, 52.14405106806577, 53.85489645919451, 55.565910734762014, 57.277069998384945, 58.98835465740716], "fatigue_task_42_57": [0.06103092523612595, 0.06398312193648244, 0.06687956871019723, 0.06972018713386187, 0.07250533461612382, 0.0752356173748017, 0.07791178805111329, 0.08053468653927401, 0.0831052042445847, 0.08562426169291062, 0.08809279407680534, 0.09051174169308296, 0.09288204349070756, 0.09520463265102211, 0.09748043352803484, 0.09971035951820686], "human_time_task_58_60": [145.8775896068872, 154.85052160425843, 163.96503156745302], "fatigue_task_58_60": [0.6241835205074693, 0.6509370215470821, 0.6755295138267791], "human_time_task_61": [131.5320987070155], "fatigue_task_61": [0.5795298190386358], "human_time_task_62_64": [145.8775896068872, 154.85052160425843, 163.96503156745302], "fatigue_task_62_64": [0.6241835205074693, 0.6509370215470821, 0.6755295138267791], "human_time_task_65": [131.5320987070155], "fatigue_task_65": [0.5795298190386358], "human_time_task_66_68": [154.6137896891667, 163.8158871093223, 173.03400619770474], "fatigue_task_66_68": [0.6712210138970649, 0.6876415940326372, 0.7020814896473533], "human_time_task_69_71": [154.6137896891667, 163.8158871093223, 173.03400619770474], "fatigue_task_69_71": [0.6712210138970649, 0.6876415940326372, 0.7020814896473533], "robot_time_task_1_14": [133.4, 131.0, 128.60000000000002, 126.20000000000002, 123.80000000000001, 121.4, 119.00000000000001, 116.60000000000001, 114.20000000000002, 111.80000000000001, 109.4, 107.00000000000001, 104.60000000000001, 102.20000000000002], "robot_time_task_15_17": [63.0, 63.0, 61.0], "robot_time_task_18_21": [126.60000000000002, 117.0, 107.4, 97.80000000000001], "robot_time_task_22_25": [126.59999999999997, 116.99999999999997, 107.39999999999998, 97.79999999999995], "robot_time_task_26_38": [128.2, 125.8, 123.39999999999999, 121.0, 118.6, 116.2, 113.8, 111.39999999999999, 109.0, 106.6, 104.2, 101.8, 99.39999999999999], "robot_time_task_39_41": [97.0, 63.0, 63.0], "robot_time_task_42_54": [128.2, 125.8, 123.4, 121.0, 118.60000000000001, 116.2, 113.80000000000001, 111.4, 109.0, 106.60000000000001, 104.2, 101.80000000000001, 99.4], "robot_time_task_55_57": [97.0, 63.0, 63.0], "robot_time_task_58_60": [234.39999999999998, 222.39999999999998, 210.39999999999998], "robot_time_task_61": [130.0], "robot_time_task_62_64": [234.39999999999998, 222.39999999999998, 210.39999999999998], "robot_time_task_65": [130.0], "robot_time_task_66_68": [248.39999999999998, 236.39999999999998, 224.39999999999998], "robot_time_task_69_71": [248.39999999999998, 236.39999999999998, 224.39999999999998]}